[AB1,AberdeenAB2,AberdeenAB3,AberdeenAB4,AberdeenAB5,AberdeenAB9,AberdeenAB10,AberdeenAB11,AberdeenAB12,AberdeenAB13,AberdeenAB14,AberdeenAB15,AberdeenAB16,AberdeenAB21,AberdeenAB22,AberdeenAB23,AberdeenAB24,AberdeenAB25,AberdeenAB30,AberdeenshireAB31,AberdeenshireAB32,AberdeenshireAB33,AberdeenshireAB34,AberdeenshireAB35,AberdeenshireAB36,AberdeenshireAB37,MorayAB38,MorayAB39,AberdeenshireAB41,AberdeenshireAB42,AberdeenshireAB43,AberdeenshireAB44,AberdeenshireAB45,AberdeenshireAB51,AberdeenshireAB52,AberdeenshireAB53,AberdeenshireAB54,AberdeenshireAB55,MorayAB56,MorayAB99,AberdeenAL1,St AlbansAL2,St AlbansAL3,St AlbansAL4,St AlbansAL5,St AlbansAL6,Welwyn HatfieldAL7,Welwyn HatfieldAL8,Welwyn HatfieldAL9,Welwyn HatfieldAL10,Welwyn HatfieldB1,Birmingham B2,Birmingham B3,Birmingham B4,Birmingham B5,BirminghamB6,BirminghamB7,BirminghamB8,BirminghamB9,BirminghamB10,BirminghamB11,BirminghamB12,BirminghamB13,BirminghamB14,BirminghamB15,BirminghamB16,BirminghamB17,BirminghamB18,BirminghamB19,BirminghamB20,BirminghamB21,BirminghamB22,BirminghamB23,BirminghamB24,BirminghamB25,BirminghamB26,BirminghamB27,BirminghamB28,BirminghamB29,BirminghamB30,BirminghamB31,BirminghamB32,BirminghamB33,BirminghamB34,BirminghamB35,BirminghamB36,SolihullB37,SolihullB38,BirminghamB40,SolihullB42,BirminghamB43,BirminghamB44,BirminghamB45,BirminghamB46,North WarwickshireB47,Bromsgrove WorcestershireB48,Bromsgrove WorcestershireB49,Stratford-on-AvonB50,Stratford-on-AvonB60,BromsgroveB61,BromsgroveB62,DudleyB63,DudleyB64,SandwellB65,SandwellB66,SandwellB67,SandwellB68,SandwellB69,SandwellB70,SandwellB71,SandwellB72,BirminghamB73,BirminghamB74,BirminghamB75,BirminghamB76,BirminghamB77,TamworthB78,TamworthB79,TamworthB80,Stratford-on-AvonB90,SolihullB91,SolihullB92,SolihullB93,SolihullB94,SolihullB95,Stratford-on-AvonB96,RedditchB97,RedditchB98,RedditchB99,BirminghamBA1,Bath and North East SomersetBA2,Bath and North East SomersetBA3,Bath and North East SomersetBA4,MendipBA5,MendipBA6,MendipBA7,South SomersetBA8,South SomersetBA9,South SomersetBA10,South SomersetBA11,MendipBA12,WiltshireBA13,WiltshireBA14,WiltshireBA15,WiltshireBA16,MendipBA20,South SomersetBA21,South SomersetBA22,South SomersetBB0,BlackburnBB1,Blackburn with DarwenBB2,Blackburn with DarwenBB3,Blackburn with DarwenBB4,RossendaleBB5,HyndburnBB6,HyndburnBB7,Ribble ValleyBB8,PendleBB9,PendleBB10,BurnleyBB11,BurnleyBB12,BurnleyBB18,PendleBB94,PendleBD1,Bradford BD2,BradfordBD3,BradfordBD4,BradfordBD5,BradfordBD6,BradfordBD7,BradfordBD8,BradfordBD9,BradfordBD10,BradfordBD11,KirkleesBD12,BradfordBD13,BradfordBD14,BradfordBD15,BradfordBD16,BingleyBD17,BradfordBD18,BradfordBD19,KirkleesBD20,BradfordBD21,BradfordBD22,BradfordBD23,CravenBD24,CravenBD97,BradfordBD98,BradfordBD99,BradfordBF1,British ForcesBH1,Bournemouth BH2,BournemouthBH3,BournemouthBH4,BournemouthBH5,BournemouthBH6,BournemouthBH7,BournemouthBH8,BournemouthBH9,BournemouthBH10,BournemouthBH11,BournemouthBH12,PooleBH13,PooleBH14,PooleBH15,PooleBH16,PooleBH17,PooleBH18,PooleBH19,PurbeckBH20,PurbeckBH21,East DorsetBH22,East DorsetBH23,ChristchurchBH24,New ForestBH25,New ForestBH31,East DorsetBL0,BuryBL1,BoltonBL2,BoltonBL3,BoltonBL4,BoltonBL5,BoltonBL6,BoltonBL7,BoltonBL8,BuryBL9,BuryBL11,BoltonBL78,BoltonBN1,Brighton and HoveBN2,Brighton and HoveBN3,Brighton and HoveBN4,Brighton and HoveBN5,HorshamBN6,LewesBN7,LewesBN8,LewesBN9,LewesBN10,LewesBN11,WorthingBN12,WorthingBN13,WorthingBN14,WorthingBN15,WorthingBN16,ArunBN17,ArunBN18,ArunBN20,EastbourneBN21,EastbourneBN22,EastbourneBN23,EastbourneBN24,WealdenBN25,WealdenBN26,WealdenBN27,WealdenBN41,Brighton and HoveBN42,AdurBN43,AdurBN44,HorshamBN45,Mid SussexBN50,Brighton and HoveBN51,Brighton and HoveBN52,Brighton and HoveBN88,Brighton and HoveBN91,BrightonBN95,BrightonBN99,WorthingBR1,BromleyBR2,BromleyBR3,BromleyBR4,BromleyBR5,BromleyBR6,BromleyBR7,BromleyBR8,SevenoaksBR98,BromleyBS0,BristolBS1,BristolBS2,BristolBS3,BristolBS4,BristolBS5,BristolBS6,BristolBS7,BristolBS8,BristolBS9,BristolBS10,BristolBS11,BristolBS12,BristolBS13,BristolBS14,BristolBS15,BristolBS16,BristolBS17,BristolBS18,BristolBS19,BristolBS20,North SomersetBS21,North SomersetBS22,North SomersetBS23,North SomersetBS24,North SomersetBS25,SomersetBS26,SomersetBS27,SomersetBS28,SomersetBS29,SomersetBS30,South GloucestershireBS31,Bath and North East SomersetBS32,South GloucestershireBS34,South GloucestershireBS35,South GloucestershireBS36,South GloucestershireBS37,South GloucestershireBS38,BristolBS39,Bath and North East SomersetBS40,Bath and North East SomersetBS41,North SomersetBS48,North SomersetBS49,North SomersetBS77,BristolBS80,BristolBS98,BristolBS99,BristolCA1,CarlisleCA2,CarlisleCA3,CarlisleCA4,CarlisleCA5,CarlisleCA6,CarlisleCA7,AllerdaleCA8,CarlisleCA9,EdenCA10,EdenCA11,EdenCA12,AllerdaleCA13,AllerdaleCA14,AllerdaleCA15,AllerdaleCA16,EdenCA17,EdenCA18,CopelandCA19,CopelandCA20,CopelandCA21,CopelandCA22,CopelandCA23,CopelandCA24,CopelandCA25,CopelandCA26,CopelandCA27,CopelandCA28,CopelandCA95,AllerdaleCA99,CarlisleCB1,CambridgeCB2,CambridgeCB3,CambridgeCB4,CambridgeCB5,CambridgeCB6,ElyCB7,ElyCB8,NewmarketCB9,St EdmundsburyCB10,UttlesfordCB11,UttlesfordCB21,CambridgeCB22,CambridgeCB23,CambridgeCB24,CambridgeCB25,CambridgeCF1,CardiffCF2,CardiffCF3,CardiffCF4,CardiffCF5,CardiffCF6,CardiffCF7,CardiffCF8,CardiffCF10,CardiffCF11,CardiffCF14,CardiffCF15,CardiffCF21,CardiffCF23,CardiffCF24,CardiffCF30,CardiffCF31,BridgendCF32,BridgendCF33,BridgendCF34,BridgendCF35,BridgendCF36,BridgendCF37,Rhondda Cynon TafCF38,Rhondda Cynon TafCF39,Rhondda Cynon TafCF40,Rhondda Cynon TafCF41,Rhondda Cynon TafCF42,Rhondda Cynon TafCF43,Rhondda Cynon TafCF44,Rhondda Cynon TafCF45,Rhondda Cynon TafCF46,Merthyr TydfilCF47,Merthyr TydfilCF48,Merthyr TydfilCF61,Vale of GlamorganCF62,Vale of GlamorganCF63,Vale of GlamorganCF64,Vale of GlamorganCF71,Vale of GlamorganCF72,Rhondda Cynon TafCF81,CaerphillyCF82,CaerphillyCF83,CaerphillyCF91,CardiffCF95,CardiffCF99,CardiffCH1,Cheshire West and ChesterCH2,Cheshire West and ChesterCH3,Cheshire West and ChesterCH4,Cheshire West and ChesterCH5,FlintshireCH6,FlintshireCH7,FlintshireCH8,FlintshireCH25,WirralCH26,WirralCH27,WirralCH28,WirralCH29,WirralCH30,WirralCH31,WirralCH32,WirralCH33,Cheshire West and ChesterCH34,Cheshire West and ChesterCH41,WirralCH42,WirralCH43,WirralCH44,WirralCH45,WirralCH46,WirralCH47,WirralCH48,WirralCH49,WirralCH60,WirralCH61,WirralCH62,WirralCH63,WirralCH64,Cheshire West and ChesterCH65,Cheshire West and ChesterCH66,Cheshire West and ChesterCH70,ChesterCH88,ChesterCH99,ChesterCM0,MaldonCM1,ChelmsfordCM2,ChelmsfordCM3,ChelmsfordCM4,BrentwoodCM5,Epping ForestCM6,UttlesfordCM7,BraintreeCM8,BraintreeCM9,MaldonCM11,BasildonCM12,BasildonCM13,BrentwoodCM14,BrentwoodCM15,BrentwoodCM16,Epping ForestCM17,HarlowCM18,HarlowCM19,HarlowCM20,HarlowCM21,East HertfordshireCM22,East HertfordshireCM23,East HertfordshireCM24,UttlesfordCM77,BraintreeCM92,HarlowCM98,ChelmsfordCM99,ChelmsfordCO1,ColchesterCO2,ColchesterCO3,ColchesterCO4,ColchesterCO5,ColchesterCO6,ColchesterCO7,ColchesterCO8,ColchesterCO9,BraintreeCO10,BaberghCO11,TendringCO12,TendringCO13,TendringCO14,TendringCO15,TendringCO16,TendringCR0,CroydonCR2,CroydonCR3,CroydonCR4,MertonCR5,CroydonCR6,CroydonCR7,CroydonCR8,CroydonCR9,CroydonCR44,CroydonCR90,CroydonCT1,KentCT2,CanterburyCT3,KentCT4,KentCT5,KentCT6,KentCT7,KentCT8,KentCT9,KentCT10,BroadstairsCT11,KentCT12,RamsgateCT13,KentCT14,KentCT15,KentCT16,KentCT17,KentCT18,FolkestoneCT19,FolkestoneCT20,FolkestoneCT21,KentCT50,KentCV1,CoventryCV2,CoventryCV3,CoventryCV4,CoventryCV5,CoventryCV6,CoventryCV7,CoventryCV8,WarwickCV9,North WarwickshireCV10,Nuneaton & BedworthCV11,Nuneaton & BedworthCV12,Nuneaton & BedworthCV13,Hinckley and BosworthCV21,RugbyCV22,RugbyCV23,RugbyCV31,WarwickCV32,WarwickCV33,WarwickCV34,WarwickCV35,WarwickCV36,Stratford-on-AvonCV37,Stratford-on-AvonCV47,Stratford-on-AvonCW1,Cheshire EastCW2,Cheshire EastCW3,Cheshire EastCW4,Cheshire EastCW5,Cheshire EastCW6,Cheshire West and ChesterCW7,Cheshire West and ChesterCW8,Cheshire West and ChesterCW9,Cheshire West and ChesterCW10,Cheshire EastCW11,Cheshire EastCW12,Cheshire EastCW98,Cheshire EastDA1,DartfordDA2,DartfordDA3,DartfordDA4,DartfordDA5,BexleyDA6,BexleyDA7,BexleyDA8,BexleyDA9,DartfordDA10,DartfordDA11,GraveshamDA12,GraveshamDA13,GraveshamDA14,BexleyDA15,BexleyDA16,BexleyDA17,BexleyDA18,BexleyDD1,DundeeDD2,DundeeDD3,DundeeDD4,DundeeDD5,DundeeDD6,FifeDD7,AngusDD8,AngusDD9,AngusDD10,AngusDD11,AngusDE1,DerbyDE2,DerbyDE3,DerbyDE4,Derbyshire DalesDE5,Amber ValleyDE6,Derbyshire DalesDE7,ErewashDE11,South DerbyshireDE12,South DerbyshireDE13,East StaffordshireDE14,East StaffordshireDE15,East StaffordshireDE21,DerbyDE22,DerbyDE23,DerbyDE24,DerbyDE45,Derbyshire DalesDE55,Amber ValleyDE56,Amber ValleyDE65,South DerbyshireDE72,ErewashDE73,DerbyDE74,North West LeicestershireDE75,Amber ValleyDE99,DerbyDG1,DumfriesshireDG2,DumfriesshireDG3,DumfriesshireDG4,DumfriesshireDG5,KirkcudbrightshireDG6,KirkcudbrightshireDG7,KirkcudbrightshireDG8,WigtownshireDG9,WigtownshireDG10,DumfriesshireDG11,DumfriesshireDG12,DumfriesshireDG13,DumfriesshireDG14,DumfriesshireDG16,DumfriesshireDH1,County DurhamDH2,County DurhamDH3,County DurhamDH4,SunderlandDH5,SunderlandDH6,County DurhamDH7,County DurhamDH8,County DurhamDH9,County DurhamDH97,County DurhamDH98,County DurhamDH99,County DurhamDL1,DarlingtonDL2,DarlingtonDL3,DarlingtonDL4,County DurhamDL5,County DurhamDL6,North YorkshireDL7,North YorkshireDL8,North YorkshireDL9,North YorkshireDL10,North YorkshireDL11,North YorkshireDL12,County DurhamDL13,County DurhamDL14,County DurhamDL15,County DurhamDL16,County DurhamDL17,County DurhamDL98,County DurhamDN1,DoncasterDN2,DoncasterDN3,DoncasterDN4,DoncasterDN5,DoncasterDN6,DoncasterDN7,DoncasterDN8,DoncasterDN9,DoncasterDN10,DoncasterDN11,DoncasterDN12,DoncasterDN14,East Riding of YorkshireDN15,North LincolnshireDN16,North LincolnshireDN17,North LincolnshireDN18,North LincolnshireDN19,North LincolnshireDN20,North LincolnshireDN21,West LindseyDN22,BassetlawDN31,North East LincolnshireDN32,North East LincolnshireDN33,North East LincolnshireDN34,North East LincolnshireDN35,North East LincolnshireDN36,North East LincolnshireDN37,North East LincolnshireDN38,North LincolnshireDN39,North LincolnshireDN40,North LincolnshireDN41,North East LincolnshireDN55,DoncasterDT1,West DorsetDT2,West DorsetDT3,Weymouth and PortlandDT4,Weymouth and PortlandDT5,Weymouth and PortlandDT6,West DorsetDT7,West DorsetDT8,West DorsetDT9,West DorsetDT10,North DorsetDT11,North DorsetDY1,DudleyDY2,DudleyDY3,DudleyDY4,DudleyDY5,DudleyDY6,DudleyDY7,South StaffordshireDY8,DudleyDY9,DudleyDY10,Wyre ForestDY11,Wyre ForestDY12,Wyre ForestDY13,Wyre ForestDY14,ShropshireE1,Tower HamletsE1W,Tower HamletsE2,Tower HamletsE3,Tower HamletsE4,Waltham ForestE5,HackneyE6,NewhamE7,NewhamE8,HackneyE9,HackneyE10,HackneyE11,Waltham ForestE12,NewhamE13,NewhamE14,Tower HamletsE15,NewhamE16,NewhamE17,Waltham ForestE18,RedbridgeE20,NewhamE77,Tower HamletsE98,Tower HamletsEC1A,City of LondonEC1M,IslingtonEC1N,CamdenEC1P,LondonEC1R,IslingtonEC1V,IslingtonEC1Y,IslingtonEC2A,HackneyEC2M,City of LondonEC2N,City of LondonEC2P,LondonEC2R,City of LondonEC2V,City of LondonEC2Y,City of LondonEC3A,City of LondonEC3B,LondonEC3M,City of LondonEC3N,Tower HamletsEC3P,LondonEC3R,City of LondonEC3V,City of LondonEC4A,City of LondonEC4M,City of LondonEC4N,City of LondonEC4P,LondonEC4R,City of LondonEC4V,City of LondonEC4Y,City of LondonEC50,LondonEC88,LondonEH1,EdinburghEH2,EdinburghEH3,EdinburghEH4,EdinburghEH5,EdinburghEH6,EdinburghEH7,EdinburghEH8,EdinburghEH9,EdinburghEH10,EdinburghEH11,EdinburghEH12,EdinburghEH13,EdinburghEH14,EdinburghEH15,EdinburghEH16,EdinburghEH17,EdinburghEH18,MidlothianEH19,MidlothianEH20,MidlothianEH21,East LothianEH22,MidlothianEH23,MidlothianEH24,MidlothianEH25,MidlothianEH26,MidlothianEH27,West LothianEH28,EdinburghEH29,EdinburghEH30,EdinburghEH31,East LothianEH32,East LothianEH33,East LothianEH34,East LothianEH35,East LothianEH36,East LothianEH37,MidlothianEH38,MidlothianEH39,East LothianEH40,East LothianEH41,East LothianEH42,East LothianEH43,Scottish BordersEH44,Scottish BordersEH45,Scottish BordersEH46,Scottish BordersEH47,West LothianEH48,West LothianEH49,West LothianEH51,FalkirkEH52,West LothianEH53,West LothianEH54,West LothianEH55,West LothianEH91,EdinburghEH95,EdinburghEH99,EdinburghEN1,EnfieldEN2,EnfieldEN3,EnfieldEN4,EnfieldEN5,BarnetEN6,HertsmereEN7,BroxbourneEN8,EnfieldEN9,Epping ForestEN10,BroxbourneEN11,BroxbourneEN77,EnfieldEX1,ExeterEX2,ExeterEX3,ExeterEX4,ExeterEX5,East DevonEX6,TeignbridgeEX7,ExeterEX8,ExeterEX9,ExeterEX10,ExeterEX11,ExeterEX12,ExeterEX13,ExeterEX14,ExeterEX15,ExeterEX16,Mid DevonEX17,Mid DevonEX18,ExeterEX19,ExeterEX20,ExeterEX21,ExeterEX22,ExeterEX23,CornwallEX24,ExeterEX31,ExeterEX32,ExeterEX33,ExeterEX34,ExeterEX35,ExeterEX36,ExeterEX37,ExeterEX38,ExeterEX39,TorridgeFK1,FalkirkFK2,FalkirkFK3,FalkirkFK4,FalkirkFK5,FalkirkFK6,FalkirkFK7,FalkirkFK8,FalkirkFK9,FalkirkFK10,FalkirkFK11,FalkirkFK12,FalkirkFK13,FalkirkFK14,FalkirkFK15,FalkirkFK16,FalkirkFK17,FalkirkFK18,FalkirkFK19,FalkirkFK20,FalkirkFK21,FalkirkFY0,BlackpoolFY1,BlackpoolFY2,BlackpoolFY3,BlackpoolFY4,BlackpoolFY5,WyreFY6,WyreFY7,WyreFY8,FyldeG1,GlasgowG2,GlasgowG3,GlasgowG4,GlasgowG5,GlasgowG9,GlasgowG11,GlasgowG12,GlasgowG13,GlasgowG14,GlasgowG15,GlasgowG20,GlasgowG21,GlasgowG22,GlasgowG23,GlasgowG31,GlasgowG32,GlasgowG33,GlasgowG34,GlasgowG40,GlasgowG41,GlasgowG42,GlasgowG43,GlasgowG44,GlasgowG45,GlasgowG46,GlasgowG51,GlasgowG52,GlasgowG53,GlasgowG58,GlasgowG59,GlasgowG60,West DunbartonshireG61,East DunbartonshireG62,East DunbartonshireG63,StirlingG64,East DunbartonshireG65,North LanarkshireG66,East DunbartonshireG67,North LanarkshireG68,North LanarkshireG69,GlasgowG70,North LanarkshireG71,LanarkshireG72,South LanarkshireG73,South LanarkshireG74,South LanarkshireG75,South LanarkshireG76,East RenfrewshireG77,East RenfrewshireG78,East RenfrewshireG79,South LanarkshireG80,GlasgowG81,West DunbartonshireG82,West DunbartonshireG83,West DunbartonshireG84,Argyll and ButeG90,GlasgowGIR,GL1,GloucesterGL2,GloucesterGL3,GloucesterGL4,GloucesterGL5,StroudGL6,StroudGL7,CotswoldGL8,CotswoldGL9,GloucesterGL10,StroudGL11,StroudGL12,StroudGL13,GloucesterGL14,GloucesterGL15,GloucesterGL16,GloucesterGL17,GloucesterGL18,GloucesterGL19,GloucesterGL20,TewkesburyGL50,TewkesburyGL51,TewkesburyGL52,TewkesburyGL53,TewkesburyGL54,TewkesburyGL55,GloucesterGL56,TewkesburyGU1,GuildfordGU2,GuildfordGU3,GuildfordGU4,GuildfordGU5,GuildfordGU6,WaverleyGU7,WaverleyGU8,WaverleyGU9,WaverleyGU10,WaverleyGU11,RushmoorGU12,RushmoorGU13,HampshireGU14,RushmoorGU15,Surrey HeathGU16,Surrey HeathGU17,HartGU18,Surrey HeathGU19,Surrey HeathGU20,Surrey HeathGU21,WokingGU22,WokingGU23,GuildfordGU24,WokingGU25,RunnymedeGU26,WaverleyGU27,WaverleyGU28,ChichesterGU29,ChichesterGU30,East HampshireGU31,East HampshireGU32,East HampshireGU33,East HampshireGU34,East HampshireGU35,East HampshireGU46,HartGU47,Bracknell ForestGU51,HartGU52,HartGU95,GuildfordGY1,GuernseyGY2,GuernseyGY3,GuernseyGY4,GuernseyGY5,GuernseyGY6,GuernseyGY7,GuernseyGY8,GuernseyGY9,GuernseyGY10,GuernseyHA0,HarrowHA1,HarrowHA2,HarrowHA3,HarrowHA4,HillingdonHA5,HarrowHA6,HillingdonHA7,HarrowHA8,HarrowHA9,BrentHD1,KirkleesHD2,KirkleesHD3,KirkleesHD4,KirkleesHD5,KirkleesHD6,CalderdaleHD7,KirkleesHD8,KirkleesHD9,KirkleesHG1,HarrogateHG2,HarrogateHG3,HarrogateHG4,RiponHG5,HarrogateHP1,DacorumHP2,DacorumHP3,DacorumHP4,DacorumHP5,ChilternHP6,ChilternHP7,ChilternHP8,South BuckinghamshireHP9,ChilternHP10,WycombeHP11,WycombeHP12,WycombeHP13,WycombeHP14,WycombeHP15,WycombeHP16,WycombeHP17,Aylesbury ValeHP18,Aylesbury ValeHP19,Aylesbury ValeHP20,Aylesbury ValeHP21,Aylesbury ValeHP22,Aylesbury ValeHP23,DacorumHP27,WycombeHR1,HerefordHR2,HerefordHR3,HerefordHR4,HerefordHR5,HerefordHR6,HerefordHR7,HerefordHR8,HerefordHR9,HerefordHS1,Comhairle nan Eilean SiarHS2,Comhairle nan Eilean SiarHS3,Comhairle nan Eilean SiarHS4,Comhairle nan Eilean SiarHS5,Comhairle nan Eilean SiarHS6,Comhairle nan Eilean SiarHS7,Comhairle nan Eilean SiarHS8,Comhairle nan Eilean SiarHS9,Comhairle nan Eilean SiarHU1,Kingston upon HullHU2,Kingston upon HullHU3,Kingston upon HullHU4,Kingston upon HullHU5,Kingston upon HullHU6,Kingston upon HullHU7,Kingston upon HullHU8,Kingston upon HullHU9,Kingston upon HullHU10,East Riding of YorkshireHU11,East Riding of YorkshireHU12,East Riding of YorkshireHU13,East Riding of YorkshireHU14,East Riding of YorkshireHU15,East Riding of YorkshireHU16,East Riding of YorkshireHU17,East Riding of YorkshireHU18,East Riding of YorkshireHU19,East Riding of YorkshireHU20,East Riding of YorkshireHU55,HullHX1,CalderdaleHX2,CalderdaleHX3,CalderdaleHX4,CalderdaleHX5,CalderdaleHX6,CalderdaleHX7,CalderdaleIG1,RedbridgeIG2,RedbridgeIG3,RedbridgeIG4,RedbridgeIG5,RedbridgeIG6,RedbridgeIG7,Epping ForestIG8,RedbridgeIG9,Epping ForestIG10,Epping ForestIG11,Barking and DagenhamIM1,Isle of ManIM2,Isle of ManIM3,Isle of ManIM4,Isle of ManIM5,Isle of ManIM6,Isle of ManIM7,Isle of ManIM8,Isle of ManIM9,Isle of ManIP1,IpswichIP2,IpswichIP3,IpswichIP4,IpswichIP5,Suffolk CoastalIP6,Mid SuffolkIP7,IpswichIP8,BaberghIP9,BaberghIP10,Suffolk CoastalIP11,Suffolk CoastalIP12,Suffolk CoastalIP13,Suffolk CoastalIP14,Mid SuffolkIP15,Suffolk CoastalIP16,Suffolk CoastalIP17,Suffolk CoastalIP18,WaveneyIP19,WaveneyIP20,WaveneyIP21,Mid SuffolkIP22,South NorfolkIP23,Mid SuffolkIP24,BrecklandIP25,BrecklandIP26,BrecklandIP27,Forest HeathIP28,Forest HeathIP29,St EdmundsburyIP30,St EdmundsburyIP31,St EdmundsburyIP32,St EdmundsburyIP33,St EdmundsburyIP98,IpswichIV1,HighlandIV2,HighlandIV3,HighlandIV4,HighlandIV5,HighlandIV6,HighlandIV7,HighlandIV8,HighlandIV9,HighlandIV10,HighlandIV11,HighlandIV12,HighlandIV13,HighlandIV14,HighlandIV15,HighlandIV16,HighlandIV17,HighlandIV18,HighlandIV19,HighlandIV20,HighlandIV21,HighlandIV22,HighlandIV23,HighlandIV24,HighlandIV25,HighlandIV26,HighlandIV27,HighlandIV28,HighlandIV30,MorayIV31,MorayIV32,MorayIV33,RothesIV34,ArchiestownIV35,ArchiestownIV36,MorayIV40,HighlandIV41,HighlandIV42,HighlandIV43,HighlandIV44,HighlandIV45,HighlandIV46,HighlandIV47,HighlandIV48,HighlandIV49,HighlandIV51,HighlandIV52,HighlandIV53,HighlandIV54,HighlandIV55,HighlandIV56,HighlandIV63,HighlandIV99,InvernessJE2,JerseyJE3,JerseyKA1,East AyrshireKA2,East AyrshireKA3,East AyrshireKA4,East AyrshireKA5,East AyrshireKA6,East AyrshireKA7,South AyrshireKA8,South AyrshireKA9,South AyrshireKA10,South AyrshireKA11,North AyrshireKA12,North AyrshireKA13,North AyrshireKA14,North AyrshireKA15,North AyrshireKA16,East AyrshireKA17,East AyrshireKA18,East AyrshireKA19,South AyrshireKA20,North AyrshireKA21,North AyrshireKA22,North AyrshireKA23,North AyrshireKA24,North AyrshireKA25,North AyrshireKA26,South AyrshireKA27,North AyrshireKA28,North AyrshireKA29,North AyrshireKA30,North AyrshireKT1,Kingston upon ThamesKT2,Kingston upon ThamesKT3,Kingston upon ThamesKT4,SuttonKT5,Kingston upon ThamesKT6,Kingston upon ThamesKT7,ElmbridgeKT8,ElmbridgeKT9,Kingston upon ThamesKT10,ElmbridgeKT11,ElmbridgeKT12,ElmbridgeKT13,ElmbridgeKT14,ElmbridgeKT15,RunnymedeKT16,RunnymedeKT17,Epsom and EwellKT18,Epsom and EwellKT19,Epsom and EwellKT20,Reigate and BansteadKT21,Mole ValleyKT22,Mole ValleyKT23,Mole ValleyKT24,GuildfordKW1,HighlandKW2,HighlandKW3,HighlandKW5,HighlandKW6,HighlandKW7,HighlandKW8,HighlandKW9,HighlandKW10,HighlandKW11,HighlandKW12,HighlandKW13,HighlandKW14,HighlandKW15,Orkney IslandsKW16,Orkney IslandsKW17,Orkney IslandsKY1,FifeKY2,FifeKY3,FifeKY4,FifeKY5,FifeKY6,FifeKY7,FifeKY8,FifeKY9,FifeKY10,FifeKY11,FifeKY12,FifeKY13,Kinross-ShireKY14,FifeKY15,FifeKY16,FifeKY99,FifeL1,LiverpoolL2,LiverpoolL3,LiverpoolL4,LiverpoolL5,LiverpoolL6,LiverpoolL7,LiverpoolL8,LiverpoolL9,LiverpoolL10,LiverpoolL11,LiverpoolL12,LiverpoolL13,LiverpoolL14,LiverpoolL15,LiverpoolL16,LiverpoolL17,LiverpoolL18,LiverpoolL19,LiverpoolL20,LiverpoolL21,LiverpoolL22,SeftonL23,SeftonL24,LiverpoolL25,LiverpoolL26,LiverpoolL27,LiverpoolL28,LiverpoolL29,SeftonL30,SeftonL31,SeftonL32,KnowsleyL33,KnowsleyL34,KnowsleyL35,KnowsleyL36,KnowsleyL37,SeftonL38,SeftonL39,West LancashireL40,West LancashireL41,LiverpoolL42,LiverpoolL43,LiverpoolL44,LiverpoolL45,LiverpoolL46,LiverpoolL47,LiverpoolL48,LiverpoolL49,LiverpoolL60,LiverpoolL61,LiverpoolL62,LiverpoolL63,LiverpoolL64,LiverpoolL65,LiverpoolL66,LiverpoolL67,LiverpoolL68,LiverpoolL69,LiverpoolL70,LiverpoolL71,LiverpoolL72,LiverpoolL73,LiverpoolL74,LiverpoolL75,LiverpoolL80,LiverpoolLA1,LancasterLA2,LancasterLA3,LancasterLA4,LancasterLA5,LancasterLA6,LancasterLA7,LancasterLA8,South LakelandLA9,South LakelandLA10,South LakelandLA11,South LakelandLA12,South LakelandLA13,Barrow-in-FurnessLA14,Barrow-in-FurnessLA15,Barrow-in-FurnessLA16,Barrow-in-FurnessLA17,South LakelandLA18,CopelandLA19,CopelandLA20,South LakelandLA21,South LakelandLA22,South LakelandLA23,South LakelandLD1,Llandrindod WellsLD2,Llandrindod WellsLD3,Llandrindod WellsLD4,Llandrindod WellsLD5,Llandrindod WellsLD6,Llandrindod WellsLD7,Llandrindod WellsLD8,Llandrindod WellsLE1,LeicesterLE2,LeicesterLE3,LeicesterLE4,LeicesterLE5,LeicesterLE6,LeicesterLE7,LeicesterLE8,LeicesterLE9,LeicesterLE10,LeicesterLE11,CharnwoodLE12,CharnwoodLE13,LeicesterLE14,MeltonLE15,RutlandLE16,HarboroughLE17,LeicesterLE18,LeicesterLE19,LeicesterLE21,LeicesterLE41,LeicesterLE55,LeicesterLE65,LeicesterLE67,LeicesterLE87,LeicesterLE94,LeicesterLE95,LeicesterLE99,LeicesterLL11,WrexhamLL12,WrexhamLL13,WrexhamLL14,WrexhamLL15,DenbighshireLL16,DenbighshireLL17,ConwyLL18,ConwyLL19,FlintshireLL20,DenbighshireLL21,ConwyLL22,DenbighshireLL23,GwyneddLL24,ConwyLL25,ConwyLL26,ConwyLL27,ConwyLL28,ConwyLL29,ConwyLL30,ConwyLL31,ConwyLL32,ConwyLL33,ConwyLL34,ConwyLL35,GwyneddLL36,GwyneddLL37,GwyneddLL38,GwyneddLL39,GwyneddLL40,GwyneddLL41,GwyneddLL42,GwyneddLL43,GwyneddLL44,GwyneddLL45,GwyneddLL46,GwyneddLL47,GwyneddLL48,GwyneddLL49,GwyneddLL51,GwyneddLL52,GwyneddLL53,GwyneddLL54,GwyneddLL55,GwyneddLL56,GwyneddLL57,GwyneddLL58,AngleseyLL59,AngleseyLL60,AngleseyLL61,AngleseyLL62,AngleseyLL63,AngleseyLL64,AngleseyLL65,AngleseyLL66,AngleseyLL67,AngleseyLL68,AngleseyLL69,AngleseyLL70,AngleseyLL71,AngleseyLL72,AngleseyLL73,AngleseyLL74,AngleseyLL75,AngleseyLL76,AngleseyLL77,AngleseyLL78,AngleseyLN1,West LindseyLN2,West LindseyLN3,LincolnLN4,North KestevenLN5,LincolnLN6,LincolnLN7,LincolnLN8,LincolnLN9,LincolnLN10,LincolnLN11,LincolnLN12,East LindseyLN13,LincolnLS1,LeedsLS2,LeedsLS3,LeedsLS4,LeedsLS5,LeedsLS6,LeedsLS7,LeedsLS8,LeedsLS9,LeedsLS10,LeedsLS11,LeedsLS12,LeedsLS13,LeedsLS14,LeedsLS15,LeedsLS16,LeedsLS17,LeedsLS18,LeedsLS19,LeedsLS20,LeedsLS21,LeedsLS22,LeedsLS23,LeedsLS24,SelbyLS25,LeedsLS26,LeedsLS27,LeedsLS28,LeedsLS29,BradfordLS88,LeedsLS98,LeedsLS99,LeedsLU1,LutonLU2,LutonLU3,LutonLU4,LutonLU5,Central BedfordshireLU6,Central BedfordshireLU7,Central BedfordshireLU95,Leighton BuzzardM1,ManchesterM2,ManchesterM3,ManchesterM4,ManchesterM5,SalfordM6,SalfordM7,SalfordM8,ManchesterM9,ManchesterM10,ManchesterM11,ManchesterM12,ManchesterM13,ManchesterM14,ManchesterM15,ManchesterM16,TraffordM17,TraffordM18,ManchesterM19,ManchesterM20,ManchesterM21,ManchesterM22,ManchesterM23,ManchesterM24,RochdaleM25,BuryM26,BuryM27,SalfordM28,SalfordM29,WiganM30,SalfordM31,TraffordM32,TraffordM33,TraffordM34,TamesideM35,OldhamM38,SalfordM40,ManchesterM41,TraffordM43,TamesideM44,SalfordM45,BuryM46,WiganM50,SalfordM52,ManchesterM60,ManchesterM61,ManchesterM90,ManchesterM99,ManchesterME1,MedwayME2,MedwayME3,MedwayME4,MedwayME5,MedwayME6,Tonbridge and MallingME7,MedwayME8,MedwayME9,SwaleME10,SwaleME11,SwaleME12,SwaleME13,SwaleME14,MaidstoneME15,MaidstoneME16,MaidstoneME17,MaidstoneME18,MaidstoneME19,Tonbridge and MallingME20,Tonbridge and MallingME99,MaidstoneMK1,Milton KeynesMK2,Milton KeynesMK3,Milton KeynesMK4,Milton KeynesMK5,Milton KeynesMK6,Milton KeynesMK7,Milton KeynesMK8,Milton KeynesMK9,Milton KeynesMK10,Milton KeynesMK11,Milton KeynesMK12,Milton KeynesMK13,Milton KeynesMK14,Milton KeynesMK15,Milton KeynesMK16,Milton KeynesMK17,Milton KeynesMK18,Aylesbury ValeMK19,Aylesbury ValeMK40,BedfordMK41,BedfordMK42,BedfordMK43,BedfordMK44,BedfordMK45,BedfordMK46,Milton KeynesMK77,Milton KeynesMK98,Milton KeynesML1,North LanarkshireML2,North LanarkshireML3,South LanarkshireML4,North LanarkshireML5,North LanarkshireML6,North LanarkshireML7,North LanarkshireML8,South LanarkshireML9,South LanarkshireML10,South LanarkshireML11,South LanarkshireML12,South LanarkshireN1,HackneyN1C,CamdenN1P,IslingtonN2,BarnetN3,BarnetN4,HaringeyN5,IslingtonN6,CamdenN7,IslingtonN8,HaringeyN9,EnfieldN10,HaringeyN11,EnfieldN12,BarnetN13,EnfieldN14,EnfieldN15,HaringeyN16,HackneyN17,HaringeyN18,EnfieldN19,IslingtonN20,BarnetN21,EnfieldN22,HaringeyN81,HaringeyNE1,NewcastleNE2,NewcastleNE3,NewcastleNE4,NewcastleNE5,NewcastleNE6,NewcastleNE7,NewcastleNE8,GatesheadNE9,GatesheadNE10,GatesheadNE11,GatesheadNE12,North TynesideNE13,NewcastleNE15,NewcastleNE16,GatesheadNE17,GatesheadNE18,NorthumberlandNE19,NorthumberlandNE20,NorthumberlandNE21,GatesheadNE22,NorthumberlandNE23,NorthumberlandNE24,NorthumberlandNE25,North TynesideNE26,North TynesideNE27,North TynesideNE28,North TynesideNE29,North TynesideNE30,North TynesideNE31,South TynesideNE32,South TynesideNE33,South TynesideNE34,South TynesideNE35,South TynesideNE36,South TynesideNE37,SunderlandNE38,SunderlandNE39,GatesheadNE40,GatesheadNE41,GatesheadNE42,GatesheadNE43,NorthumberlandNE44,NorthumberlandNE45,NorthumberlandNE46,NorthumberlandNE47,NorthumberlandNE48,NorthumberlandNE49,NorthumberlandNE61,NorthumberlandNE62,NorthumberlandNE63,NorthumberlandNE64,NorthumberlandNE65,NorthumberlandNE66,NorthumberlandNE67,NorthumberlandNE68,NorthumberlandNE69,NorthumberlandNE70,NorthumberlandNE71,NorthumberlandNE82,NewcastleNE83,NewcastleNE85,NewcastleNE88,NewcastleNE89,Newcastle upon TyneNE92,GatesheadNE98,NewcastleNE99,NewcastleNG1,NottinghamNG2,NottinghamNG3,GedlingNG4,GedlingNG5,NottinghamNG6,NottinghamNG7,NottinghamNG8,NottinghamNG9,BroxtoweNG10,ErewashNG11,NottinghamNG12,RushcliffeNG13,RushcliffeNG14,GedlingNG15,AshfieldNG16,BroxtoweNG17,AshfieldNG18,MansfieldNG19,MansfieldNG20,BolsoverNG21,Newark and SherwoodNG22,Newark and SherwoodNG23,Newark and SherwoodNG24,Newark and SherwoodNG25,Newark and SherwoodNG31,South KestevenNG32,South KestevenNG33,South KestevenNG34,North KestevenNG70,MansfieldNG80,NottinghamNG90,NottinghamNN1,NorthamptonNN2,NorthamptonNN3,DaventryNN4,NorthamptonNN5,NorthamptonNN6,DaventryNN7,DaventryNN8,WellingboroughNN9,WellingboroughNN10,East NorthamptonshireNN11,DaventryNN12,South NorthamptonshireNN13,South NorthamptonshireNN14,East NorthamptonshireNN15,KetteringNN16,KetteringNN17,CorbyNN18,CorbyNN29,BedfordNN99,NorthamptonNPT,NewportNP1,NewportNP2,NewportNP3,NewportNP4,MonmouthshireNP5,NewportNP6,NewportNP7,MonmouthshireNP8,PowysNP9,NewportNP10,NewportNP11,CaerphillyNP12,CaerphillyNP13,Blaenau GwentNP15,MonmouthshireNP16,MonmouthshireNP18,NewportNP19,NewportNP20,NewportNP22,Blaenau GwentNP23,Blaenau GwentNP24,Blaenau GwentNP25,MonmouthshireNP26,MonmouthshireNP44,TorfaenNR1,NorfolkNR2,NorfolkNR3,NorfolkNR4,NorfolkNR5,NorfolkNR6,NorfolkNR7,NorfolkNR8,NorfolkNR9,NorfolkNR10,NorfolkNR11,NorfolkNR12,NorfolkNR13,NorfolkNR14,NorfolkNR15,NorfolkNR16,NorfolkNR17,NorfolkNR18,NorfolkNR19,NorfolkNR20,NorfolkNR21,NorfolkNR22,NorfolkNR23,NorfolkNR24,NorfolkNR25,NorfolkNR26,NorfolkNR27,NorfolkNR28,NorfolkNR29,NorfolkNR30,NorfolkNR31,NorfolkNR32,SuffolkNR33,SuffolkNR34,SuffolkNR35,SuffolkNR99,NorwichNW1,CamdenNW1W,CamdenNW2,BarnetNW3,CamdenNW4,BarnetNW5,CamdenNW6,BrentNW7,BarnetNW8,CamdenNW9,BarnetNW10,BrentNW11,BarnetNW26,CamdenOL1,OldhamOL2,OldhamOL3,OldhamOL4,OldhamOL5,TamesideOL6,TamesideOL7,TamesideOL8,OldhamOL9,OldhamOL10,RochdaleOL11,RochdaleOL12,RochdaleOL13,RossendaleOL14,CalderdaleOL15,RochdaleOL16,RochdaleOL95,OldhamOX1,OxfordOX2,OxfordOX3,OxfordOX4,OxfordOX5,CherwellOX6,OxfordOX7,West OxfordshireOX8,OxfordOX9,South OxfordshireOX10,South OxfordshireOX11,South OxfordshireOX12,Vale of White HorseOX13,Vale of White HorseOX14,South OxfordshireOX15,CherwellOX16,CherwellOX17,CherwellOX18,West OxfordshireOX20,West OxfordshireOX25,CherwellOX26,CherwellOX27,CherwellOX28,West OxfordshireOX29,West OxfordshireOX33,South OxfordshireOX39,South OxfordshireOX44,South OxfordshireOX49,South OxfordshirePA1,RenfrewshirePA2,RenfrewshirePA3,RenfrewshirePA4,RenfrewshirePA5,RenfrewshirePA6,RenfrewshirePA7,RenfrewshirePA8,RenfrewshirePA9,RenfrewshirePA10,RenfrewshirePA11,RenfrewshirePA12,RenfrewshirePA13,RenfrewshirePA14,RenfrewshirePA15,RenfrewshirePA16,RenfrewshirePA17,AyrshirePA18,RenfrewshirePA19,RenfrewshirePA20,ButeshirePA21,ArgyllshirePA22,ArgyllshirePA23,ArgyllshirePA24,ArgyllshirePA25,ArgyllshirePA26,ArgyllshirePA27,ArgyllshirePA28,ArgyllshirePA29,ArgyllshirePA30,ArgyllshirePA31,ArgyllshirePA32,ArgyllshirePA33,ArgyllshirePA34,ArgyllshirePA35,ArgyllshirePA36,ArgyllshirePA37,ArgyllshirePA38,ArgyllshirePA39,HighlandPA40,HighlandPA41,ArgyllshirePA42,ArgyllshirePA43,ArgyllshirePA44,ArgyllshirePA45,ArgyllshirePA46,ArgyllshirePA47,ArgyllshirePA48,ArgyllshirePA49,ArgyllshirePA60,ArgyllshirePA61,ArgyllshirePA62,ArgyllshirePA63,ArgyllshirePA64,ArgyllshirePA65,ArgyllshirePA66,ArgyllshirePA67,ArgyllshirePA68,ArgyllshirePA69,ArgyllshirePA70,ArgyllshirePA71,ArgyllshirePA72,ArgyllshirePA73,ArgyllshirePA74,ArgyllshirePA75,ArgyllshirePA76,ArgyllshirePA77,ArgyllshirePA78,ArgyllshirePA80,RenfrewshirePA81,Comhairle nan Eilean SiarPA82,Comhairle nan Eilean SiarPA83,Comhairle nan Eilean SiarPA84,Comhairle nan Eilean SiarPA85,Comhairle nan Eilean SiarPA86,Comhairle nan Eilean SiarPA87,Comhairle nan Eilean SiarPA88,Comhairle nan Eilean SiarPA98,GlasgowPE1,PeterboroughPE2,PeterboroughPE3,PeterboroughPE4,PeterboroughPE5,PeterboroughPE6,South KestevenPE7,PeterboroughPE8,East NorthamptonshirePE9,South KestevenPE10,South KestevenPE11,South HollandPE12,South HollandPE13,FenlandPE14,FenlandPE15,FenlandPE16,FenlandPE17,PeterboroughPE18,HuntingdonshirePE19,HuntingdonshirePE20,BostonPE21,BostonPE22,BostonPE23,East LindseyPE24,East LindseyPE25,East LindseyPE26,HuntingdonshirePE27,HuntingdonshirePE28,HuntingdonshirePE29,HuntingdonshirePE30,West NorfolkPE31,West NorfolkPE32,West NorfolkPE33,West NorfolkPE34,West NorfolkPE35,West NorfolkPE36,West NorfolkPE37,West NorfolkPE38,West NorfolkPE99,PeterboroughPH1,Perth and KinrossPH2,Perth and KinrossPH3,Perth and KinrossPH4,Perth and KinrossPH5,Perth and KinrossPH6,Perth and KinrossPH7,Perth and KinrossPH8,Perth and KinrossPH9,Perth and KinrossPH10,Perth and KinrossPH11,Perth and KinrossPH12,Perth and KinrossPH13,Perth and KinrossPH14,Perth and KinrossPH15,Perth and KinrossPH16,Perth and KinrossPH17,Perth and KinrossPH18,Perth and KinrossPH19,HighlandPH20,HighlandPH21,HighlandPH22,HighlandPH23,HighlandPH24,HighlandPH25,HighlandPH26,HighlandPH30,HighlandPH31,HighlandPH32,HighlandPH33,HighlandPH34,HighlandPH35,HighlandPH36,HighlandPH37,HighlandPH38,HighlandPH39,HighlandPH40,HighlandPH41,HighlandPH42,HighlandPH43,HighlandPH44,HighlandPH49,HighlandPH50,HighlandPL1,PlymouthPL2,PlymouthPL3,PlymouthPL4,PlymouthPL5,PlymouthPL6,PlymouthPL7,PlymouthPL8,South HamsPL9,PlymouthPL10,CornwallPL11,CornwallPL12,CornwallPL13,CornwallPL14,CornwallPL15,CornwallPL16,West DevonPL17,CornwallPL18,CornwallPL19,West DevonPL20,West DevonPL21,South HamsPL22,CornwallPL23,CornwallPL24,CornwallPL25,CornwallPL26,CornwallPL27,CornwallPL28,CornwallPL29,CornwallPL30,CornwallPL31,CornwallPL32,CornwallPL33,CornwallPL34,CornwallPL35,CornwallPL95,PlymouthPO1,HampshirePO2,HampshirePO3,HampshirePO4,HampshirePO5,HampshirePO6,HampshirePO7,HampshirePO8,HampshirePO9,HampshirePO10,HampshirePO11,HampshirePO12,HampshirePO13,HampshirePO14,HampshirePO15,HampshirePO16,HampshirePO17,HampshirePO18,SussexPO19,SussexPO20,SussexPO21,SussexPO22,SussexPO24,PortsmouthPO30,Isle of WightPO31,Isle of WightPO32,Isle of WightPO33,Isle of WightPO34,Isle of WightPO35,Isle of WightPO36,Isle of WightPO37,Isle of WightPO38,Isle of WightPO39,Isle of WightPO40,Isle of WightPO41,Isle of WightPR0,PrestonPR1,PrestonPR2,PrestonPR3,FyldePR4,FyldePR5,South RibblePR6,ChorleyPR7,ChorleyPR8,SeftonPR9,SeftonPR11,PrestonPR25,South RibblePR26,South RibbleRG1,BerkshireRG2,BerkshireRG3,BerkshireRG4,BerkshireRG5,WokinghamRG6,WokinghamRG7,BerkshireRG8,South OxfordshireRG9,South OxfordshireRG10,WokinghamRG11,WokinghamRG12,Bracknell ForestRG13,BerkshireRG14,BerkshireRG15,BerkshireRG16,West BerkshireRG17,BerkshireRG18,West BerkshireRG19,BerkshireRG20,West BerkshireRG21,HampshireRG22,HampshireRG23,HampshireRG24,HampshireRG25,HampshireRG26,HampshireRG27,HampshireRG28,HampshireRG29,HampshireRG30,BerkshireRG31,BerkshireRG40,WokinghamRG41,WokinghamRG42,Bracknell ForestRG45,Bracknell ForestRH1,Reigate and BansteadRH2,Reigate and BansteadRH3,Mole ValleyRH4,Mole ValleyRH5,Mole ValleyRH6,CrawleyRH7,TandridgeRH8,TandridgeRH9,TandridgeRH10,CrawleyRH11,CrawleyRH12,HorshamRH13,HorshamRH14,ChichesterRH15,Mid SussexRH16,Mid SussexRH17,Mid SussexRH18,Mid SussexRH19,Mid SussexRH20,HorshamRH77,CrawleyRM1,HaveringRM2,HaveringRM3,HaveringRM4,HaveringRM5,HaveringRM6,Barking and DagenhamRM7,HaveringRM8,Barking and DagenhamRM9,Barking and DagenhamRM10,Barking and DagenhamRM11,HaveringRM12,HaveringRM13,HaveringRM14,HaveringRM15,ThurrockRM16,ThurrockRM17,ThurrockRM18,ThurrockRM19,ThurrockRM20,ThurrockRM50,RomfordS1,SheffieldS2,SheffieldS3,SheffieldS4,SheffieldS5,SheffieldS6,SheffieldS7,SheffieldS8,SheffieldS9,SheffieldS10,SheffieldS11,SheffieldS12,SheffieldS13,SheffieldS14,SheffieldS17,SheffieldS18,North East DerbyshireS19,SheffieldS20,SheffieldS21,North East DerbyshireS25,RotherhamS26,RotherhamS30,SheffieldS31,RotherhamS32,Derbyshire DalesS33,High PeakS35,SheffieldS36,BarnsleyS40,ChesterfieldS41,ChesterfieldS42,ChesterfieldS43,ChesterfieldS44,BolsoverS45,North East DerbyshireS49,ChesterfieldS60,RotherhamS61,RotherhamS62,RotherhamS63,BarnsleyS64,DoncasterS65,RotherhamS66,RotherhamS69,SheffieldS70,BarnsleyS71,BarnsleyS72,BarnsleyS73,BarnsleyS74,BarnsleyS75,BarnsleyS80,BassetlawS81,BassetlawS94,SheffieldS95,RotherhamS96,SheffieldS97,SheffieldS98,SheffieldS99,SheffieldSA1,SwanseaSA2,SwanseaSA3,SwanseaSA4,SwanseaSA5,SwanseaSA6,SwanseaSA7,SwanseaSA8,Neath Port TalbotSA9,Neath Port TalbotSA10,Neath Port TalbotSA11,Neath Port TalbotSA12,Neath Port TalbotSA13,Neath Port TalbotSA14,CarmarthenshireSA15,CarmarthenshireSA16,CarmarthenshireSA17,CarmarthenshireSA18,CarmarthenshireSA19,CarmarthenshireSA20,CarmarthenshireSA31,CarmarthenshireSA32,CarmarthenshireSA33,CarmarthenshireSA34,CarmarthenshireSA35,PembrokeshireSA36,PembrokeshireSA37,PembrokeshireSA38,CarmarthenshireSA39,CarmarthenshireSA40,CarmarthenshireSA41,PembrokeshireSA42,PembrokeshireSA43,CeredigionSA44,CeredigionSA45,CeredigionSA46,CeredigionSA47,CeredigionSA48,CeredigionSA61,PembrokeshireSA62,PembrokeshireSA63,PembrokeshireSA64,PembrokeshireSA65,PembrokeshireSA66,CarmarthenshireSA67,PembrokeshireSA68,PembrokeshireSA69,PembrokeshireSA70,PembrokeshireSA71,PembrokeshireSA72,PembrokeshireSA73,PembrokeshireSA80,SwanseaSA99,SwanseaSE1,SouthwarkSE1P,SouthwarkSE2,GreenwichSE3,GreenwichSE4,LewishamSE5,LambethSE6,LewishamSE7,GreenwichSE8,LewishamSE9,GreenwichSE10,GreenwichSE11,LambethSE12,LewishamSE13,LewishamSE14,LewishamSE15,LewishamSE16,SouthwarkSE17,SouthwarkSE18,GreenwichSE19,CroydonSE20,BromleySE21,LambethSE22,SouthwarkSE23,LewishamSE24,LambethSE25,CroydonSE26,BromleySE27,LambethSE28,GreenwichSE99,LondonSG1,StevenageSG2,StevenageSG3,North HertfordshireSG4,North HertfordshireSG5,North HertfordshireSG6,North HertfordshireSG7,North HertfordshireSG8,North HertfordshireSG9,East HertfordshireSG10,East HertfordshireSG11,East HertfordshireSG12,East HertfordshireSG13,East HertfordshireSG14,HertfordshireSG15,Central BedfordshireSG16,Central BedfordshireSG17,Central BedfordshireSG18,Central BedfordshireSG19,Central BedfordshireSK1,StockportSK2,StockportSK3,StockportSK4,StockportSK5,StockportSK6,StockportSK7,StockportSK8,StockportSK9,Cheshire EastSK10,Cheshire EastSK11,Cheshire EastSK12,Cheshire EastSK13,High PeakSK14,TamesideSK15,TamesideSK16,TamesideSK17,Derbyshire DalesSK22,High PeakSK23,High PeakSL0,South BuckinghamshireSL1,South BuckinghamshireSL2,South BuckinghamshireSL3,SloughSL4,Bracknell ForestSL5,Windsor and MaidenheadSL6,South BuckinghamshireSL7,South BuckinghamshireSL8,South BuckinghamshireSL9,South BuckinghamshireSL60,MaidenheadSL95,SloughSM1,SuttonSM2,SuttonSM3,SuttonSM4,MertonSM5,SuttonSM6,SuttonSM7,Reigate and BansteadSN1,SwindonSN2,SwindonSN3,SwindonSN4,SwindonSN5,SwindonSN6,WiltshireSN7,Vale of White HorseSN8,KennetSN9,KennetSN10,KennetSN11,WiltshireSN12,WiltshireSN13,WiltshireSN14,WiltshireSN15,WiltshireSN16,WiltshireSN17,SwindonSN25,SwindonSN26,SwindonSN38,SwindonSN42,SwindonSN86,SwindonSN99,SwindonSO1,SouthamptonSO2,SouthamptonSO3,SouthamptonSO4,SouthamptonSO5,SouthamptonSO9,SouthamptonSO14,SouthamptonSO15,SouthamptonSO16,SouthamptonSO17,SouthamptonSO18,SouthamptonSO19,SouthamptonSO20,Test ValleySO21,WinchesterSO22,WinchesterSO23,WinchesterSO24,WinchesterSO25,SouthamptonSO30,EastleighSO31,EastleighSO32,EastleighSO40,New ForestSO41,New ForestSO42,New ForestSO43,New ForestSO45,New ForestSO50,EastleighSO51,Test ValleySO52,Test ValleySO53,EastleighSO97,SouthamptonSP1,WiltshireSP2,WiltshireSP3,WiltshireSP4,WiltshireSP5,WiltshireSP6,New ForestSP7,North DorsetSP8,North DorsetSP9,WiltshireSP10,Test ValleySP11,Test ValleySR1,SunderlandSR2,SunderlandSR3,SunderlandSR4,SunderlandSR5,SunderlandSR6,SunderlandSR7,County DurhamSR8,County DurhamSR9,SunderlandSR43,SunderlandSR88,County DurhamSS0,Southend-on-SeaSS1,Southend-on-SeaSS2,Southend-on-SeaSS3,RochfordSS4,RochfordSS5,RochfordSS6,RochfordSS7,Castle PointSS8,Castle PointSS9,Southend-on-SeaSS11,BasildonSS12,BasildonSS13,BasildonSS14,BasildonSS15,BasildonSS16,BasildonSS17,ThurrockSS22,Southend-on-SeaSS99,Southend-on-SeaST1,StaffordshireST2,StaffordshireST3,StaffordshireST4,StaffordshireST5,StaffordshireST6,StaffordshireST7,StaffordshireST8,StaffordshireST9,StaffordshireST10,StaffordshireST11,StaffordshireST12,StaffordshireST13,StaffordshireST14,StaffordshireST15,StaffordshireST16,StaffordshireST17,StaffordshireST18,StaffordshireST19,StaffordshireST20,StaffordshireST21,StaffordshireST55,Newcastle-under-LymeSW1A,WestminsterSW1E,WestminsterSW1H,WestminsterSW1P,WestminsterSW1V,WestminsterSW1W,WestminsterSW1X,WestminsterSW1Y,WestminsterSW2,LambethSW3,Kensington and ChelseaSW4,LambethSW5,Kensington and ChelseaSW6,Hammersmith and FulhamSW7,Kensington and ChelseaSW8,LambethSW9,LambethSW10,Kensington and ChelseaSW11,WandsworthSW12,WandsworthSW13,Richmond upon ThamesSW14,Richmond upon ThamesSW15,WandsworthSW16,LambethSW17,WandsworthSW18,WandsworthSW19,MertonSW20,MertonSW95,LambethSW99,LambethSY1,ShropshireSY2,ShropshireSY3,ShropshireSY4,ShropshireSY5,ShropshireSY6,ShropshireSY7,ShropshireSY8,ShropshireSY9,ShropshireSY10,ShropshireSY11,ShropshireSY12,ShropshireSY13,ShropshireSY14,Cheshire West and ChesterSY15,PowysSY16,PowysSY17,PowysSY18,PowysSY19,PowysSY20,PowysSY21,PowysSY22,PowysSY23,CeredigionSY24,CeredigionSY25,CeredigionSY99,ShrewsburyTA1,SomersetTA2,SomersetTA3,SomersetTA4,SomersetTA5,SomersetTA6,SedgemoorTA7,SomersetTA8,SomersetTA9,SomersetTA10,SomersetTA11,South SomersetTA12,SomersetTA13,SomersetTA14,SomersetTA15,SomersetTA16,SomersetTA17,SomersetTA18,SomersetTA19,SomersetTA20,SomersetTA21,SomersetTA22,SomersetTA23,SomersetTA24,SomersetTD1,Scottish BordersTD2,Scottish BordersTD3,Scottish BordersTD4,Scottish BordersTD5,Scottish BordersTD6,Scottish BordersTD7,Scottish BordersTD8,Scottish BordersTD9,Scottish BordersTD10,Scottish BordersTD11,Scottish BordersTD12,Scottish BordersTD13,East LothianTD14,Scottish BordersTD15,NorthumberlandTF1,Telford and WrekinTF2,Telford and WrekinTF3,Telford and WrekinTF4,Telford and WrekinTF5,Telford and WrekinTF6,Telford and WrekinTF7,Telford and WrekinTF8,Telford and WrekinTF9,ShropshireTF10,Telford and WrekinTF11,ShropshireTF12,ShropshireTF13,ShropshireTN1,Tunbridge WellsTN2,Tunbridge WellsTN3,SevenoaksTN4,Tunbridge WellsTN5,RotherTN6,WealdenTN7,WealdenTN8,SevenoaksTN9,Tonbridge and MallingTN10,Tonbridge and MallingTN11,SevenoaksTN12,MaidstoneTN13,SevenoaksTN14,BromleyTN15,SevenoaksTN16,BromleyTN17,AshfordTN18,Tunbridge WellsTN19,RotherTN20,WealdenTN21,RotherTN22,WealdenTN23,AshfordTN24,AshfordTN25,AshfordTN26,AshfordTN27,AshfordTN28,ShepwayTN29,ShepwayTN30,AshfordTN31,RotherTN32,RotherTN33,RotherTN34,HastingsTN35,HastingsTN36,RotherTN37,HastingsTN38,HastingsTN39,RotherTN40,RotherTQ1,TorbayTQ2,TorbayTQ3,TorbayTQ4,TorbayTQ5,TorbayTQ6,South HamsTQ7,South HamsTQ8,South HamsTQ9,South HamsTQ10,South HamsTQ11,TeignbridgeTQ12,TeignbridgeTQ13,TeignbridgeTQ14,TeignbridgeTR1,CornwallTR2,CornwallTR3,CornwallTR4,CornwallTR5,CornwallTR6,CornwallTR7,CornwallTR8,CornwallTR9,CornwallTR10,CornwallTR11,CornwallTR12,CornwallTR13,CornwallTR14,CornwallTR15,CornwallTR16,CornwallTR17,CornwallTR18,CornwallTR19,CornwallTR20,CornwallTR21,Isles of ScillyTR22,Isles of ScillyTR23,Isles of ScillyTR24,Isles of ScillyTR25,Isles of ScillyTR26,CornwallTR27,CornwallTR93,CornwallTS1,MiddlesbroughTS2,MiddlesbroughTS3,MiddlesbroughTS4,MiddlesbroughTS5,MiddlesbroughTS6,Redcar & ClevelandTS7,MiddlesbroughTS8,MiddlesbroughTS9,HambletonTS10,Redcar & ClevelandTS11,Redcar & ClevelandTS12,Redcar & ClevelandTS13,Redcar & ClevelandTS14,Redcar & ClevelandTS15,Stockton-on-TeesTS16,Stockton-on-TeesTS17,Stockton-on-TeesTS18,Stockton-on-TeesTS19,Stockton-on-TeesTS20,Stockton-on-TeesTS21,Stockton-on-TeesTS22,Stockton-on-TeesTS23,Stockton-on-TeesTS24,HartlepoolTS25,HartlepoolTS26,HartlepoolTS27,HartlepoolTS28,County DurhamTS29,County DurhamTS90,MiddlesboroughTW1,Richmond upon ThamesTW2,Richmond upon ThamesTW3,HounslowTW4,HounslowTW5,HounslowTW6,HillingdonTW7,HounslowTW8,HounslowTW9,Richmond upon ThamesTW10,Richmond upon ThamesTW11,Richmond upon ThamesTW12,Richmond upon ThamesTW13,HounslowTW14,HounslowTW15,SpelthorneTW16,SpelthorneTW17,SpelthorneTW18,SpelthorneTW19,SpelthorneTW20,RunnymedeUB1,EalingUB2,EalingUB3,HillingdonUB4,HillingdonUB5,EalingUB6,EalingUB7,HillingdonUB8,HillingdonUB9,South BuckinghamshireUB10,HillingdonUB11,HillingdonUB18,EalingW1A,WestminsterW1B,WestminsterW1C,WestminsterW1D,WestminsterW1E,West LondonW1F,WestminsterW1G,WestminsterW1H,WestminsterW1J,WestminsterW1K,WestminsterW1M,LondonW1N,LondonW1P,LondonW1R,LondonW1S,WestminsterW1T,CamdenW1U,WestminsterW1V,LondonW1W,WestminsterW1X,LondonW1Y,LondonW2,WestminsterW3,EalingW4,HounslowW5,EalingW6,Hammersmith and FulhamW7,EalingW8,Kensington and ChelseaW9,WestminsterW10,Kensington and ChelseaW11,Kensington and ChelseaW12,Hammersmith and FulhamW13,EalingW14,Kensington and ChelseaWA1,WarringtonWA2,WarringtonWA3,WiganWA4,WarringtonWA5,WarringtonWA6,Cheshire West and ChesterWA7,HaltonWA8,HaltonWA9,St. HelensWA10,St. HelensWA11,St. HelensWA12,St. HelensWA13,WarringtonWA14,TraffordWA15,TraffordWA16,Cheshire EastWA55,WarringtonWA88,HaltonWC1A,CamdenWC1B,CamdenWC1E,CamdenWC1H,CamdenWC1N,CamdenWC1R,CamdenWC1V,CamdenWC1X,CamdenWC2A,CamdenWC2B,CamdenWC2E,WestminsterWC2H,WestminsterWC2N,WestminsterWC2R,WestminsterWC99,LondonWD1,WatfordWD2,WatfordWD3,Three RiversWD4,DacorumWD5,Three RiversWD6,HertsmereWD7,HertsmereWD17,WatfordWD18,WatfordWD19,WatfordWD23,HertsmereWD24,WatfordWD25,WatfordWD99,WatfordWF1,WakefieldWF2,WakefieldWF3,LeedsWF4,WakefieldWF5,WakefieldWF6,WakefieldWF7,WakefieldWF8,WakefieldWF9,WakefieldWF10,WakefieldWF11,WakefieldWF12,KirkleesWF13,KirkleesWF14,KirkleesWF15,KirkleesWF16,KirkleesWF17,KirkleesWF90,WakefieldWN1,WiganWN2,WiganWN3,WiganWN4,WiganWN5,WiganWN6,WiganWN7,WiganWN8,West LancashireWR1,WorcesterWR2,WorcesterWR3,WorcesterWR4,WorcesterWR5,WorcesterWR6,WorcesterWR7,WorcesterWR8,WorcesterWR9,WychavonWR10,WychavonWR11,WychavonWR12,WychavonWR13,Malvern HillsWR14,Malvern HillsWR15,WorcesterWR78,WorcesterWR99,WorcesterWS1,WalsallWS2,WalsallWS3,WalsallWS4,WalsallWS5,WalsallWS6,South StaffordshireWS7,LichfieldWS8,WalsallWS9,WalsallWS10,SandwellWS11,Cannock ChaseWS12,Cannock ChaseWS13,LichfieldWS14,LichfieldWS15,Cannock ChaseWV1,WolverhamptonWV2,WolverhamptonWV3,WolverhamptonWV4,WolverhamptonWV5,South StaffordshireWV6,WolverhamptonWV7,WolverhamptonWV8,WolverhamptonWV9,WolverhamptonWV10,WolverhamptonWV11,WolverhamptonWV12,WolverhamptonWV13,WolverhamptonWV14,WolverhamptonWV15,ShropshireWV16,ShropshireWV98,WolverhamptonWV99,WolverhamptonYO1,YorkYO2,YorkYO3,YorkYO4,YorkYO5,YorkYO6,YorkYO7,North YorkshireYO8,YorkYO10,YorkYO11,North YorkshireYO12,North YorkshireYO13,North YorkshireYO14,North YorkshireYO15,East Riding of YorkshireYO16,East Riding of YorkshireYO17,North YorkshireYO18,North YorkshireYO19,YorkYO21,North YorkshireYO22,North YorkshireYO23,YorkYO24,YorkYO25,East Riding of YorkshireYO26,YorkYO30,YorkYO31,YorkYO32,YorkYO41,YorkYO42,East Riding of YorkshireYO43,East Riding of YorkshireYO51,North YorkshireYO60,YorkYO61,North YorkshireYO62,North YorkshireYO90,YorkYO91,YorkYO95,YorkZE1,ShetlandZE2,ShetlandZE3,Shetland]